{
  "mae": 115.27097317147854,
  "rmse": 144.25763621002588,
  "mape": 2.1254552374934006,
  "train_samples": 7008,
  "test_samples": 1752
}